{"cameraMode":{"drawMode":0,"name":"Shaded","section":"Shading Mode"},"sceneLighting":true,"audioPlay":false,"sceneViewState":{"showFog":true,"showMaterialUpdate":false,"showSkybox":true,"showFlares":true,"showImageEffects":true,"showParticleSystems":true},"in2DMode":false,"pivot":{"x":557.7135009765625,"y":318.9592590332031,"z":0.0},"rotation":{"x":0.03929894044995308,"y":0.005991524085402489,"z":-0.00023688575311098248,"w":0.9992201924324036},"size":646.5303344726563,"orthographic":false}